{
  "ttest": {
    "t_statistic": 0.7177914282726168,
    "p_value": 0.4763649889428072,
    "degrees_of_freedom": 48,
    "cohens_d": 0.20720853716760063,
    "mean_a": 0.5,
    "mean_b": 0.26666666666666666,
    "std_a": 1.1002392084403616,
    "std_b": 1.1426929274467312,
    "n_a": 20,
    "n_b": 30,
    "significant": 