{
  "pre_confidence": {
    "mean": 3.14,
    "median": 3.0,
    "std": 0.7561988724494884,
    "min": 2.0,
    "max": 4.0,
    "q25": 3.0,
    "q75": 4.0,
    "n": 50
  },
  "pre_authenticity": {
    "mean": 2.94,
    "median": 3.0,
    "std": 0.6197431989566818,
    "min": 2.0,
    "max": 4.0,
    "q25": 3.0,
    "q75": 3.0,
    "n": 50
  },
  "post_confidence": {
    "mean": 4.14,
    "median": 4.0,
    "std": 0.7561988724494884,
    "min": 3.0,
    "max": 5.0,
    "q25": 4.0,
    "q75": 5.0,
    "n": 50
  },
  "post_authenticity": {
    "mean": 4.52,
    "median": 5.0,
    "std": 0.6141195788629907,
    "min": 3.0,
    "max": 5.0,
    "q25": 4.0,
    "q75": 5.0,
    "n": 50
  },
  "confidence_improvement": {
    "mean_pre": 3.163265306122449,
    "mean_post": 4.163265306122449,
    "improvement": 1.0,
    "p_value": 0.0,
    "significant": true,
    "cohens_d": 0.0,
    "n_paired": 49
  },
  "authenticity_improvement": {
    "mean_pre": 2.938775510204082,
    "mean_post": 4.530612244897959,
    "improvement": 1.5918367346938775,
    "p_value": 4.2720700040487774e-27,
    "significant": true,
    "cohens_d": 3.2055546442165683,
    "n_paired": 49
  },
  "recall_test_count": 50
}